secs_elapsed,interval_qps
1,323
2,340
3,352
4,347
5,353
6,319
7,261
8,255
9,251
10,245
11,256
12,248
13,288
14,256
15,247
16,240
17,256
18,252
19,260
20,252
21,227
22,236
23,240
24,240
25,236
26,228
27,244
28,244
29,228
30,0
31,0
32,16
33,255
34,240
35,224
36,226
37,235
38,223
39,237
40,278
41,224
42,242
43,230
44,232
45,244
46,252
47,240
48,244
49,20
50,0
51,0
52,199
53,224
54,260
55,236
56,228
57,200
58,276
59,268
60,234
61,227
62,238
63,236
64,233
65,235
66,228
67,232
68,183
69,239
70,229
71,228
72,240
73,236
74,248
75,228
76,208
77,19
78,231
79,238
80,241
81,250
82,228
83,228
84,228
85,248
86,20
87,215
88,232
89,228
